{"Version":2,"SourceFileDate":133422746989459612,"Flags":["FL_BITMAP_COMPRESSION","FL_BITMAP_MIPMAP","FL_BITMAP_QUALITY_HIGH","FL_BITMAP_PRECOMPUTED_INV_AVG"],"InvAvgColor":[1.1813924312591553,1.9565092325210571,38.356300354003906],"HasTransp":true}