{"Version":2,"SourceFileDate":133422746988432611,"Flags":["FL_BITMAP_COMPRESSION","FL_BITMAP_MIPMAP","FL_BITMAP_QUALITY_HIGH","FL_BITMAP_PRECOMPUTED_INV_AVG"],"InvAvgColor":[1.2749922275543213,2.1112415790557861,41.325168609619141],"HasTransp":true}