{"Version":2,"SourceFileDate":133422746989409538,"Flags":["FL_BITMAP_COMPRESSION","FL_BITMAP_MIPMAP","FL_BITMAP_QUALITY_HIGH","FL_BITMAP_PRECOMPUTED_INV_AVG"],"InvAvgColor":[1.1951442956924438,1.9792762994766235,38.784294128417969],"HasTransp":true}