{"Version":2,"SourceFileDate":133422746988823229,"Flags":["FL_BITMAP_COMPRESSION","FL_BITMAP_MIPMAP","FL_BITMAP_QUALITY_HIGH","FL_BITMAP_PRECOMPUTED_INV_AVG"],"InvAvgColor":[1.2910008430480957,2.1377439498901367,41.826961517333984],"HasTransp":true}